ds;y
2017-01-02;528320.2974145648
2017-01-03;448293.29308414564
2017-01-04;561406.0684501416
2017-01-05;445570.16455348226
2017-01-06;498282.8869379137
2017-01-07;627704.0042857327
2017-01-08;523040.64240925235
2017-01-09;448616.76642241364
2017-01-10;459044.24232537625
2017-01-11;576857.6385107042
2017-01-12;453039.920074157
2017-01-13;477216.2062502921
2017-01-14;668018.8125647745
2017-01-15;508571.6002676866
2017-01-16;437836.33496594615
2017-01-17;431217.93034957093
2017-01-18;540189.9957443086
2017-01-19;423089.72902547335
2017-01-20;458725.81314192753
2017-01-21;647903.5735010277
2017-01-22;501244.07638453145
2017-01-23;412625.26265383593
2017-01-24;421819.9645126001
2017-01-25;511711.3064118745
2017-01-26;413060.13257592934
2017-01-27;445562.6273106489
2017-01-28;601239.1502808089
2017-01-29;469530.71164820826
2017-01-30;409482.30003421864
2017-01-31;415901.3059251223
2017-02-01;477000.5251476739
2017-02-02;416730.7601726775
2017-02-03;450243.8735506461
2017-02-04;629407.3341979013
2017-02-05;496527.7916284905
2017-02-06;415727.17628940643
2017-02-07;427692.8005289033
2017-02-08;497961.05633205816
2017-02-09;435436.20628009073
2017-02-10;493854.03203838615
2017-02-11;691159.0467346637
2017-02-12;544292.6909549172
2017-02-13;461768.92662026547
2017-02-14;439172.0117010845
2017-02-15;559115.4133848759
2017-02-16;503936.90133375156
2017-02-17;550355.1852597997
2017-02-18;649291.6340738584
2017-02-19;505080.0498301551
2017-02-20;437823.43468494277
2017-02-21;438465.39518545044
2017-02-22;665606.662942913
2017-02-23;434520.0060980282
2017-02-24;453854.5993931323
2017-02-25;835497.1503635184
2017-02-26;500999.14498184045
2017-02-27;437543.61937631766
2017-02-28;428389.61862885393
2017-03-01;665399.6496695534
2017-03-02;431626.5455424611
2017-03-03;460885.2235505732
2017-03-04;826234.6133192534
2017-03-05;524167.3635815317
2017-03-06;422344.3150355108
2017-03-07;436348.7537983186
2017-03-08;625542.0234840183
2017-03-09;450667.6405342579
2017-03-10;532433.0519454166
2017-03-11;908501.7828510861
2017-03-12;578440.7300734158
2017-03-13;468964.0366078482
2017-03-14;469654.64131402713
2017-03-15;743072.0579913366
2017-03-16;481027.8865824757
2017-03-17;520364.0225321241
2017-03-18;936293.1915946936
2017-03-19;594499.2897603653
2017-03-20;491092.3089591629
2017-03-21;471541.49342605774
2017-03-22;785445.3645932426
2017-03-23;491404.4571069171
2017-03-24;545415.2666436383
2017-03-25;916298.8189839729
2017-03-26;564556.9161853384
2017-03-27;481367.0335205845
2017-03-28;461397.63044253254
2017-03-29;755340.8436659786
2017-03-30;500350.2656789369
2017-03-31;544863.6564258132
2017-04-01;868430.5144837504
2017-04-02;579472.6945748943
2017-04-03;501821.9896472187
2017-04-04;490777.3681663076
2017-04-05;773535.9604547777
2017-04-06;523797.0337169826
2017-04-07;597231.3566879786
2017-04-08;1014751.6570389486
2017-04-09;630840.2606918545
2017-04-10;558933.65953814
2017-04-11;563838.5203119942
2017-04-12;827562.7818009538
2017-04-13;581574.1551819091
2017-04-14;648816.8457541433
2017-04-15;842177.2057610183
2017-04-17;434243.8337901059
2017-04-18;517100.6766160724
2017-04-19;715253.5151735287
2017-04-20;518505.75396406936
2017-04-21;550423.348991783
2017-04-22;934162.5676557925
2017-04-23;602352.8745407665
2017-04-24;501973.5655332253
2017-04-25;491909.8872176896
2017-04-26;757739.5615345857
2017-04-27;516483.4923855966
2017-04-28;549528.2627527859
2017-04-29;972011.615257537
2017-04-30;675034.7390986905
2017-05-01;569182.4544702912
2017-05-02;528154.0722206922
2017-05-03;703286.0742652464
2017-05-04;479892.3912864877
2017-05-05;572496.1742926128
2017-05-06;880383.0451796075
2017-05-07;528286.2928536278
2017-05-08;530403.7459438341
2017-05-09;511231.71551563614
2017-05-10;791867.7912328168
2017-05-11;558093.5468561677
2017-05-12;645617.79831734
2017-05-13;987843.9417019016
2017-05-14;687831.218739859
2017-05-15;573256.4791687373
2017-05-16;566467.8584850406
2017-05-17;855809.1501177453
2017-05-18;578340.8712690047
2017-05-19;668794.9843033765
2017-05-20;954483.5541226284
2017-05-21;652275.1646812847
2017-05-22;573762.4504148926
2017-05-23;569922.3218225788
2017-05-24;856666.6950895528
2017-05-25;572022.7678007507
2017-05-26;602911.6161498877
2017-05-27;936114.8101809691
2017-05-28;617370.8405495064
2017-05-29;542804.7329251481
2017-05-30;492655.9872900126
2017-05-31;796836.8055389418
2017-06-01;506723.58428251167
2017-06-02;589385.6763494207
2017-06-03;942156.8283094873
2017-06-04;582746.5636415172
2017-06-05;562971.969301314
2017-06-06;554079.3755963244
2017-06-07;853002.9669689366
2017-06-08;573924.5397883387
2017-06-09;646956.7025385122
2017-06-10;996965.3970213358
2017-06-11;658559.5534825571
2017-06-12;588776.4835289746
2017-06-13;568648.0253008737
2017-06-14;920054.2308994654
2017-06-15;595342.4366657346
2017-06-16;654849.9448119752
2017-06-17;992239.2365445568
2017-06-18;630436.4577386195
2017-06-19;567291.34091712
2017-06-20;567736.4054433022
2017-06-21;892216.9416058924
2017-06-22;599444.1559000277
2017-06-23;637573.1444311113
2017-06-24;858779.2006562582
2017-06-25;609396.3023478924
2017-06-26;592950.9758091377
2017-06-27;554077.1047603426
2017-06-28;870916.9059475214
2017-06-29;519778.7169735809
2017-06-30;596102.1617539488
2017-07-01;924376.9846114147
2017-07-02;635679.6247581127
2017-07-03;594775.0948692778
2017-07-04;590364.5805939782
2017-07-05;995605.1372788022
2017-07-06;611882.6841485313
2017-07-07;731739.8713700665
2017-07-08;830234.3671863946
2017-07-09;598003.2959748356
2017-07-10;630445.657040129
2017-07-11;598806.8626921976
2017-07-12;1042755.7803037001
2017-07-13;633544.6330836208
2017-07-14;687719.9864292749
2017-07-15;910779.450667162
2017-07-16;656707.6432552517
2017-07-17;699364.8526705501
2017-07-18;677566.6535765487
2017-07-19;1054102.3166757491
2017-07-20;675872.5422921533
2017-07-21;688165.5824277081
2017-07-22;814353.039000481
2017-07-23;596160.6140384353
2017-07-24;639367.6846446961
2017-07-25;624782.5979528909
2017-07-26;961424.504416615
2017-07-27;637391.0813641567
2017-07-28;661285.3103850804
2017-07-29;795837.5314124702
2017-07-30;577839.9635039323
2017-07-31;630892.0840679003
2017-08-01;600792.9744944654
2017-08-02;958718.4603030408
2017-08-03;629318.8972153224
2017-08-04;630866.5830629806
2017-08-05;816677.7759317384
2017-08-06;642404.2851721754
2017-08-07;640645.4888832584
2017-08-08;617972.7860210742
2017-08-09;955539.212623373
2017-08-10;630220.7959622651
2017-08-11;687189.4418388561
2017-08-12;794136.6945883158
2017-08-13;667951.5764934476
2017-08-14;802494.9847446015
2017-08-15;608037.8399478806
2017-08-16;891599.4868077252
2017-08-17;639365.2688617366
2017-08-18;661821.3726237783
2017-08-19;829195.1166835106
2017-08-20;644748.0488100215
2017-08-21;631985.4481090759
2017-08-22;611800.5765173062
2017-08-23;918022.1032633863
2017-08-24;617353.0313975294
2017-08-25;617838.4008466068
2017-08-26;893244.4030879346
2017-08-27;637587.1173197487
2017-08-28;600003.486960191
2017-08-29;576840.9696082841
2017-08-30;842130.8903701201
2017-08-31;550276.082862576
2017-09-01;557969.134033757
2017-09-02;917975.5559573239
2017-09-03;632843.6405107164
2017-09-04;553453.359263349
2017-09-05;508903.80907713587
2017-09-06;790996.3603405583
2017-09-07;520227.9752989806
2017-09-08;576018.6370888932
2017-09-09;877799.558567131
2017-09-10;612326.3765099925
2017-09-11;549613.4239336719
2017-09-12;556565.1389565258
2017-09-13;806361.4936868326
2017-09-14;546753.426803659
2017-09-15;621222.961088431
2017-09-16;916323.7788535096
2017-09-17;678427.5903076314
2017-09-18;548858.5690639039
2017-09-19;547422.6469990809
2017-09-20;799969.0420822189
2017-09-21;538628.1437453764
2017-09-22;583942.6661003915
2017-09-23;874564.5932692868
2017-09-24;619050.1865684537
2017-09-25;509430.043910755
2017-09-26;491544.4179084548
2017-09-27;745784.1318991776
2017-09-28;496857.5749918486
2017-09-29;545025.3496108539
2017-09-30;872650.4621360783
2017-10-01;636063.5313228938
2017-10-02;529497.0832728953
2017-10-03;498916.8077127325
2017-10-04;776423.449194869
2017-10-05;522584.12707184255
2017-10-06;575274.0734545324
2017-10-07;1010741.322042445
2017-10-08;700117.4173780726
2017-10-09;532672.0211957636
2017-10-10;533451.2174946308
2017-10-11;829788.3363470288
2017-10-12;539957.9259700937
2017-10-13;595745.4182527635
2017-10-14;1058038.8446712762
2017-10-15;658843.4079802904
2017-10-16;506477.6962297689
2017-10-17;517919.69468124287
2017-10-18;757223.5019787917
2017-10-19;508393.1608751711
2017-10-20;560296.2964111057
2017-10-21;986715.3362189139
2017-10-22;653468.4261793988
2017-10-23;520899.8238662625
2017-10-24;502436.82573665795
2017-10-25;740082.7005154119
2017-10-26;519716.77629850106
2017-10-27;554373.9851597932
2017-10-28;936096.5758511912
2017-10-29;666984.9540894559
2017-10-30;527435.5990422931
2017-10-31;502378.47974662174
2017-11-02;525274.7584901355
2017-11-03;525262.0418086371
2017-11-04;989755.3285056683
2017-11-05;623973.9967438416
2017-11-06;483930.4884607612
2017-11-07;467274.0321544839
2017-11-08;716829.2917454393
2017-11-09;471815.28860354796
2017-11-10;554492.2425672234
2017-11-11;1076132.8367853933
2017-11-12;667713.0034315059
2017-11-13;487278.5993692934
2017-11-14;492509.233306793
2017-11-15;750912.8487851846
2017-11-16;506358.5401510778
2017-11-17;602825.730234114
2017-11-18;980914.3745772196
2017-11-19;674092.9122909942
2017-11-20;512981.3125030436
2017-11-21;488670.1000170584
2017-11-22;764442.9823848691
2017-11-23;500320.0877182077
2017-11-24;698129.1893499324
2017-11-25;1072537.552627584
2017-11-26;715257.7282990101
2017-11-27;507838.61306526745
2017-11-28;453575.02566280315
2017-11-29;708820.1595318461
2017-11-30;463665.46119039756
2017-12-01;610375.080971736
2017-12-02;1032028.9695658
2017-12-03;720383.0244363464
2017-12-04;550341.589233304
2017-12-05;516456.29066947335
2017-12-06;796310.6093578498
2017-12-07;540802.5126821068
2017-12-08;694681.5868359988
2017-12-09;1178191.346864904
2017-12-10;838596.9284469527
2017-12-11;589520.3900703705
2017-12-12;597112.4325244516
2017-12-13;863713.3793721079
2017-12-14;613179.9692608784
2017-12-15;741635.9909795359
2017-12-16;1230061.5601106675
2017-12-17;901585.7827635044
2017-12-18;689165.6875835176
2017-12-19;706130.8519626148
2017-12-20;1034416.5168540027
2017-12-21;745825.2098726197
2017-12-22;959418.2353213337
2017-12-23;1252883.432739031
2017-12-24;558374.1062259444
2017-12-26;414074.3265779582
2017-12-27;842091.3874871674
2017-12-28;696673.0520133048
2017-12-29;862551.0978746657
2017-12-30;992437.9588507996
2017-12-31;474618.8723698923
2018-01-02;559778.613449163
2018-01-03;565716.7045947664
2018-01-04;492392.6572843026
2018-01-05;530140.4449275195
2018-01-06;783204.1847629861
2018-01-07;551251.150843794
2018-01-08;463008.7837401009
2018-01-09;480952.0793132087
2018-01-10;568417.1924075339
2018-01-11;500596.95577162236
2018-01-12;588022.2857521717
2018-01-13;871766.04399463
2018-01-14;640009.7900921815
2018-01-15;519140.8826303678
2018-01-16;508870.2103677361
2018-01-17;546359.1516984159
2018-01-18;497006.83172621415
2018-01-19;533003.0607662606
2018-01-20;768048.905650832
2018-01-21;555562.1058717695
2018-01-22;477638.64938484214
2018-01-23;468764.88912380446
2018-01-24;499872.33684137464
2018-01-25;465000.08464416565
2018-01-26;504256.9732496128
2018-01-27;718888.4374981368
2018-01-28;538202.1735677054
2018-01-29;453603.29032342846
2018-01-30;454626.91554213106
2018-01-31;508587.3608357139
2018-02-01;422061.7360711801
2018-02-02;471335.0019618173
2018-02-03;666802.4561815686
2018-02-04;498727.05279283505
2018-02-05;426586.16900771466
2018-02-06;385927.4885190954
2018-02-07;433005.6000764192
2018-02-08;433410.36934283806
2018-02-09;497779.21551713574
2018-02-10;713558.9883744646
2018-02-11;526932.47842003
2018-02-12;458959.573964214
2018-02-13;467849.19142459746
2018-02-14;492625.1908888457
2018-02-15;519836.51216510235
2018-02-16;426046.85995671916
2018-02-17;641112.2084878889
2018-02-18;508544.8623818916
2018-02-19;455940.9082094256
2018-02-20;450064.7384126383
2018-02-21;511521.2229454945
2018-02-22;458531.8450965488
2018-02-23;489226.2615699789
2018-02-24;677086.1929984448
2018-02-25;547220.9387851001
2018-02-26;438211.1678499317
2018-02-27;431921.8701776859
2018-02-28;463758.2562454353
2018-03-01;419010.32196259353
2018-03-02;464557.1556701196
2018-03-03;654455.3218339861
2018-03-04;524250.69843050034
2018-03-05;429015.6542880931
2018-03-06;421908.49812649743
2018-03-07;456482.7586640945
2018-03-08;407952.7035693608
2018-03-09;486520.54600288713
2018-03-10;772159.621260866
2018-03-11;544855.9452466067
2018-03-12;477352.39843041304
2018-03-13;479863.65313240234
2018-03-14;505885.42355317075
2018-03-15;475520.64549612114
2018-03-16;644348.7198868272
2018-03-17;892168.1234638481
2018-03-18;708154.5726739952
2018-03-19;451910.5222143587
2018-03-20;473702.8074716755
2018-03-21;511008.8643691943
2018-03-22;469758.7229070513
2018-03-23;588344.3869257187
2018-03-24;850487.4991414661
2018-03-25;633595.4804833509
2018-03-26;486874.2456175435
2018-03-27;488778.3367567728
2018-03-28;513148.61030455027
2018-03-29;483690.0890669022
2018-03-30;536168.1326315225
2018-03-31;643831.7713229042
2018-04-02;407678.82142368396
2018-04-03;510722.83566679753
2018-04-04;540176.3610652855
2018-04-05;537494.8806328429
2018-04-06;753975.3754953846
2018-04-07;974737.5460964332
2018-04-08;723312.1129589992
2018-04-09;586549.8467121338
2018-04-10;605810.594353734
2018-04-11;667261.2326918284
2018-04-12;639885.2226596613
2018-04-13;725691.7461422267
2018-04-14;994109.4777329584
2018-04-15;800234.1017885279
2018-04-16;612770.948216451
2018-04-17;570545.73877309
2018-04-18;584232.0092570087
2018-04-19;594611.6043417152
2018-04-20;682298.4863117165
2018-04-21;919406.530498646
2018-04-22;783612.3554518119
2018-04-23;605454.5272717774
2018-04-24;582940.5606762915
2018-04-25;626002.4717160861
2018-04-26;598747.1638637041
2018-04-27;686965.5277479122
2018-04-28;912006.6684105535
2018-04-29;741870.5731680287
2018-04-30;823728.4414246108
2018-05-01;726436.2517977965
2018-05-02;674030.6623956956
2018-05-03;635964.4069165024
2018-05-04;733056.0189157608
2018-05-05;941757.9052378302
2018-05-06;605876.6805123723
2018-05-07;621699.4114668221
2018-05-08;606575.4988806132
2018-05-09;633382.4953945157
2018-05-10;687202.5836981555
2018-05-11;778699.5998992462
2018-05-12;954199.110173853
2018-05-13;729410.4961355269
2018-05-14;632534.6328808095
2018-05-15;658701.4179210666
2018-05-16;680192.2521175737
2018-05-17;646813.5239140725
2018-05-18;687340.8631147534
2018-05-19;911383.3674176245
2018-05-20;708776.1246400615
2018-05-21;620113.5369221411
2018-05-22;621889.7751640253
2018-05-23;674436.224038925
2018-05-24;648998.7832003842
2018-05-25;741337.583805255
2018-05-26;886341.5255333884
2018-05-27;675315.1921740167
2018-05-28;647420.4555616685
2018-05-29;610629.0570658271
2018-05-30;628759.1892930175
2018-05-31;632231.4811087963
2018-06-01;707626.2602670309
2018-06-02;802293.0832679841
2018-06-03;595018.1419612603
2018-06-04;589610.4987747573
2018-06-05;601137.0399666796
2018-06-06;629571.5591234835
2018-06-07;624344.0077250402
2018-06-08;712097.3044001621
2018-06-09;891202.766930127
2018-06-10;668104.2346502203
2018-06-11;625405.0582533503
2018-06-12;646832.2027479148
2018-06-13;662362.6239642733
2018-06-14;648062.7542717905
2018-06-15;702481.7538236011
2018-06-16;877251.0018989668
2018-06-17;688832.251556325
2018-06-18;625746.7369320005
2018-06-19;615782.3376329656
2018-06-20;661802.751768727
2018-06-21;620826.5021153925
2018-06-22;693650.5596583085
2018-06-23;828007.9912741135
2018-06-24;586156.9341084799
2018-06-25;644044.2152763566
2018-06-26;636838.1859497973
2018-06-27;663298.5465984165
2018-06-28;616403.1745272762
2018-06-29;676065.6696450623
2018-06-30;841860.3613311909
2018-07-01;675773.0023710929
2018-07-02;662159.8528057903
2018-07-03;662498.3619771979
2018-07-04;691723.5958860193
2018-07-05;755416.032494808
2018-07-06;614094.2464797052
2018-07-07;807532.3850347421
2018-07-08;623179.9482113398
2018-07-09;705393.5260140006
2018-07-10;694227.0234512202
2018-07-11;720458.7060848997
2018-07-12;696470.2615285581
2018-07-13;760522.3309149515
2018-07-14;923665.3336040932
2018-07-15;708562.8979729302
2018-07-16;720057.5218403926
2018-07-17;731256.4248842249
2018-07-18;723072.4866156871
2018-07-19;715655.2405534186
2018-07-20;727108.5545322746
2018-07-21;841100.9068106682
2018-07-22;652454.6766814343
2018-07-23;700947.9732226573
2018-07-24;686710.6336562965
2018-07-25;716650.4271751229
2018-07-26;698715.7801050099
2018-07-27;708372.5342757269
2018-07-28;762655.1677110435
2018-07-29;628914.5338004407
2018-07-30;686627.3471229872
2018-07-31;661194.4382932781
2018-08-01;673694.9555325209
2018-08-02;655715.3652362307
2018-08-03;709552.450988773
2018-08-04;800392.915360281
2018-08-05;651164.0881194507
2018-08-06;706667.3876947729
2018-08-07;700611.1550993214
2018-08-08;694145.8628069152
2018-08-09;678604.4739359209
2018-08-10;720602.9476538413
2018-08-11;920891.0291272174
2018-08-12;756914.5523276757
2018-08-13;747023.3995679708
2018-08-14;742877.0656539829
2018-08-15;770090.7640606717
2018-08-16;744263.6960833017
2018-08-17;748954.1609510721
2018-08-18;813823.8859010469
2018-08-19;695772.3031790507
2018-08-20;704818.54068026
2018-08-21;680988.8034012215
2018-08-22;661784.7396909815
2018-08-23;649770.5195614726
2018-08-24;696673.7864113244
2018-08-25;861971.8704260485
2018-08-26;740224.4489963395
2018-08-27;633342.0261983792
2018-08-28;637498.0329073367
2018-08-29;657665.172652184
2018-08-30;635937.7366726302
2018-08-31;663498.360838557
2018-09-01;819482.4033163211
2018-09-02;693402.9032524395
2018-09-03;602326.6294746952
2018-09-04;602722.2670815274
2018-09-05;620313.3704885454
2018-09-06;589559.1972078307
2018-09-07;621261.4590056724
2018-09-08;808380.1509171298
2018-09-09;680331.043680159
2018-09-10;604035.2741093745
2018-09-11;580062.7640574335
2018-09-12;638673.3113171005
2018-09-13;597820.575814916
2018-09-14;658281.5065270582
2018-09-15;933370.9542325138
2018-09-16;717677.888657165
2018-09-17;600632.9433681008
2018-09-18;579283.3648327977
2018-09-19;670296.4803808504
2018-09-20;586994.7373019429
2018-09-21;617807.3532040121
2018-09-22;944080.7675215111
2018-09-23;663395.7287153088
2018-09-24;589111.9681401169
2018-09-25;583704.9144046559
2018-09-26;692230.8716549729
2018-09-27;586153.0785188767
2018-09-28;626739.3628237676
2018-09-29;957362.8388637895
2018-09-30;706677.1764473245
2018-10-01;550017.3814970163
2018-10-02;505700.16198957775
2018-10-03;678092.1250227526
2018-10-04;562605.2921005994
2018-10-05;614104.4893994533
2018-10-06;951549.2861613106
2018-10-07;687412.273659034
2018-10-08;547727.4704929021
2018-10-09;553021.4269333343
2018-10-10;725114.8281821187
2018-10-11;582264.4313416055
2018-10-12;618096.0779201917
2018-10-13;990343.6006456856
2018-10-14;711719.6305554161
2018-10-15;566302.2130790781
2018-10-16;549589.420714187
2018-10-17;745518.7243201225
2018-10-18;558747.2867143856
2018-10-19;630158.3624674615
2018-10-20;1099700.374645147
2018-10-21;762026.4167117578
2018-10-22;568729.2729133653
2018-10-23;538893.0198521803
2018-10-24;736229.3720850076
2018-10-25;547964.9322946825
2018-10-26;579549.65175685
2018-10-27;1100397.9851219081
2018-10-28;703576.8862179029
2018-10-29;525281.165146544
2018-10-30;533948.8591211421
2018-10-31;733677.0780621035
2018-11-02;683004.2524717489
2018-11-03;961621.7675899505
2018-11-04;619684.4358897549
2018-11-05;495608.0257507799
2018-11-06;483627.3076993524
2018-11-07;708020.2358151868
2018-11-08;494747.4272293117
2018-11-09;554795.0368033586
2018-11-10;1135810.483693901
2018-11-11;702197.5031374623
2018-11-12;525465.0448822841
2018-11-13;486811.7058282898
2018-11-14;762969.4707371973
2018-11-15;515186.1396313266
2018-11-16;551408.1477467616
2018-11-17;1128572.6240110681
2018-11-18;696968.9274470442
2018-11-19;515344.3250995103
2018-11-20;516708.7109993386
2018-11-21;755486.4477365095
2018-11-22;520804.4101024968
2018-11-23;713193.3354657248
2018-11-24;1139376.2179945507
2018-11-25;801165.6953396079
2018-11-26;528754.8194639119
2018-11-27;521747.0196238718
2018-11-28;753622.5262363298
2018-11-29;533590.3182774349
2018-11-30;581575.5176834982
2018-12-01;1128915.095066529
2018-12-02;708451.018232513
2018-12-03;528555.1308444852
2018-12-04;516118.1100445484
2018-12-05;828347.4377693093
2018-12-06;568862.150639266
2018-12-07;590041.0009612599
2018-12-08;1342953.5232510397
2018-12-09;865111.0450979854
2018-12-10;624607.6469509689
2018-12-11;640637.4201681738
2018-12-12;997445.7029893302
2018-12-13;653766.8913324707
2018-12-14;717102.3621880416
2018-12-15;1481331.2332260094
2018-12-16;955556.6159238128
2018-12-17;719910.8354990957
2018-12-18;728967.6154771402
2018-12-19;1096712.341018284
2018-12-20;826115.834102704
2018-12-21;941969.9819922729
2018-12-22;1554494.1188236834
2018-12-23;1131780.1846670206
2018-12-24;659676.6984911852
2018-12-26;516524.26113882
2018-12-27;741951.1540244236
2018-12-28;810802.1472703338
2018-12-29;1118859.6787287146
2018-12-30;740546.5211804911
2018-12-31;588166.8365413322
2019-01-02;700749.3572108647
2019-01-03;536489.7603116095
2019-01-04;552461.0812443281
2019-01-05;883771.5962948805
2019-01-06;593350.2757429364
2019-01-07;488555.12807445304
2019-01-08;471446.0699991602
2019-01-09;590968.9225222417
2019-01-10;495115.3799634287
2019-01-11;536844.2812924722
2019-01-12;863413.2231709643
2019-01-13;585254.8710882961
2019-01-14;456456.53292428685
2019-01-15;477893.85269667656
2019-01-16;597562.5412054531
2019-01-17;477463.8143405021
2019-01-18;481709.2823240132
2019-01-19;808162.9043871539
2019-01-20;545643.1426186356
2019-01-21;460213.31700450036
2019-01-22;474552.93115823163
2019-01-23;575639.1562384937
2019-01-24;472924.02668747737
2019-01-25;481061.5046181391
2019-01-26;747262.5330915592
2019-01-27;538254.7989836937
2019-01-28;435217.0367868793
2019-01-29;419454.68108015164
2019-01-30;540009.8749668533
2019-01-31;429802.75502880354
2019-02-01;465468.1957397808
2019-02-02;797365.4271661247
2019-02-03;514534.97016617755
2019-02-04;397198.4012213824
2019-02-05;416165.1674030833
2019-02-06;597936.5913757598
2019-02-07;445873.96375532873
2019-02-08;475395.7591802502
2019-02-09;912701.5248947411
2019-02-10;565691.3002211651
2019-02-11;457035.13226933463
2019-02-12;437875.1227771428
2019-02-13;625412.0930133282
2019-02-14;438571.96020335704
2019-02-15;489125.3688104612
2019-02-16;827428.7734886281
2019-02-17;571415.101755135
2019-02-18;468513.47375965037
2019-02-19;459901.88392850215
2019-02-20;711543.1237892682
2019-02-21;474912.6315777592
2019-02-22;486844.70542351564
2019-02-23;911785.7885430068
2019-02-24;530244.3042685116
2019-02-25;444700.45369869104
2019-02-26;446949.58628645015
2019-02-27;708386.2752492003
2019-02-28;453140.66788669716
2019-03-01;492076.4216317811
2019-03-02;955353.361608738
2019-03-03;531470.459067401
2019-03-04;442875.7065349815
2019-03-05;424362.5567511391
2019-03-06;714773.470110094
2019-03-07;452064.0210636009
2019-03-08;478283.47983550566
2019-03-09;1080897.611136996
2019-03-10;679109.3339219149
2019-03-11;486836.230856894
2019-03-12;483860.2954710919
2019-03-13;784257.9686161543
2019-03-14;488643.40078379074
2019-03-15;531637.5636062709
2019-03-16;1156698.1065485694
2019-03-17;624660.166072507
2019-03-18;486568.4558105386
2019-03-19;479943.7508322053
2019-03-20;813253.8287645436
2019-03-21;507172.30147252855
2019-03-22;544890.0561019939
2019-03-23;1093759.925695375
2019-03-24;635690.9886011537
2019-03-25;488702.9933178339
2019-03-26;455150.1258154849
2019-03-27;785956.2543735035
2019-03-28;470647.61507854034
2019-03-29;529650.7270691153
2019-03-30;1093870.4429342032
2019-03-31;614078.244333382
2019-04-01;496463.20325528714
2019-04-02;487085.327069407
2019-04-03;871186.5749677169
2019-04-04;523898.66087451996
2019-04-05;593134.8748711415
2019-04-06;1217238.2652786493
2019-04-07;670246.2417584261
2019-04-08;520357.712507034
2019-04-09;491308.23164007696
2019-04-10;929758.2957636599
2019-04-11;549635.1369909112
2019-04-12;621981.1883912102
2019-04-13;1346966.2547042388
2019-04-14;743738.4952047892
2019-04-15;566302.8508457795
2019-04-16;519109.5644200818
2019-04-17;975877.7763270217
2019-04-18;597214.8134062723
2019-04-19;651071.9018417188
2019-04-20;1129512.1993090461
2019-04-22;568714.4689953899
2019-04-23;618021.0437014718
2019-04-24;982005.5644137317
2019-04-25;606093.6564746567
2019-04-26;653642.5751413782
2019-04-27;1218057.1770493696
2019-04-28;711524.1357352071
2019-04-29;610642.8366918277
2019-04-30;673543.0704262954
2019-05-01;1094109.8953411423
2019-05-02;587879.3583691599
2019-05-03;629990.3399310671
2019-05-04;1190845.7591417944
2019-05-05;538775.2166119465
2019-05-06;532930.5389618183
2019-05-07;503315.8518505407
2019-05-08;914106.1963912009
2019-05-09;546249.6007727715
2019-05-10;628915.1039252192
2019-05-11;1274666.7409468703
2019-05-12;704312.8593280598
2019-05-13;561389.7764098631
2019-05-14;551319.1019868769
2019-05-15;986289.6752614619
2019-05-16;604651.8398994127
2019-05-17;637811.891429426
2019-05-18;1204493.7153079766
2019-05-19;683159.181464503
2019-05-20;580232.0428009668
2019-05-21;591414.2382898516
2019-05-22;999812.281281445
2019-05-23;592812.1842465524
2019-05-24;633166.4760822832
2019-05-25;1215284.7182306745
2019-05-26;652762.631029971
2019-05-27;549150.1250777119
2019-05-28;530142.5418271284
2019-05-29;931993.0979269037
2019-05-30;565778.0751450679
2019-05-31;610762.9494205706
2019-06-01;1116833.8707808575
2019-06-02;620363.5994478379
2019-06-03;566029.0556682892
2019-06-04;575581.0518267535
2019-06-05;989908.4215033733
2019-06-06;616642.5399660285
2019-06-07;671062.5348204182
2019-06-08;1230559.4723048704
2019-06-09;707917.0818828193
2019-06-10;652831.7417488744
2019-06-11;638695.5751728548
2019-06-12;1055312.8945061164
2019-06-13;635327.2393293862
2019-06-14;698432.3217956818
2019-06-15;1195922.1598320322
2019-06-16;686780.3048368467
2019-06-17;619972.3972185192
2019-06-18;616832.6330955403
2019-06-19;1007148.8595191321
2019-06-20;611017.02214598
2019-06-21;665486.0670575782
2019-06-22;1172648.8546736056
2019-06-23;593201.8307116452
2019-06-24;485676.16221664264
2019-06-25;606688.837753938
2019-06-26;921629.7562299481
2019-06-27;587667.9870233414
2019-06-28;633877.8468587813
2019-06-29;1119876.182219253
2019-06-30;609919.5995894328
2019-07-01;581757.2811933659
2019-07-02;591681.8780523613
2019-07-03;1024528.3596651675
2019-07-04;613830.8198426769
2019-07-05;703664.3762135616
2019-07-06;1119094.0000126478
2019-07-07;702986.1306530032
2019-07-08;651241.2192377796
2019-07-09;606767.8241935796
2019-07-10;1115614.905352055
2019-07-11;667344.7124877747
2019-07-12;700047.2050621397
2019-07-13;1211368.7243903026
2019-07-14;693978.1494907395
2019-07-15;675764.9239928765
2019-07-16;674369.7803444089
2019-07-17;1108404.575931828
2019-07-18;663709.2876803111
2019-07-19;715887.3972958201
2019-07-20;1084826.9884149632
2019-07-21;610417.8693195134
2019-07-22;656944.1000913208
2019-07-23;643901.8290287276
2019-07-24;1026284.8464655753
2019-07-25;649102.2656792343
2019-07-26;667943.5947465496
2019-07-27;993123.181192545
2019-07-28;572570.1552299625
2019-07-29;600878.0873596921
2019-07-30;618382.0293175338
2019-07-31;975199.4631245404
2019-08-01;632286.0101617565
2019-08-02;671980.5226818708
2019-08-03;1071470.6462413801
2019-08-04;636085.6502316705
2019-08-05;639935.4322926902
2019-08-06;621371.3191515356
2019-08-07;985168.7906208126
2019-08-08;651766.8646203565
2019-08-09;726619.5614087584
2019-08-10;1165191.2746990463
2019-08-11;665241.386896315
2019-08-12;668202.0158812861
2019-08-13;671072.6038037933
2019-08-14;1108969.328008952
2019-08-15;713480.2531762506
2019-08-16;801938.716897231
2019-08-17;1021566.7257144853
2019-08-18;618745.8752206198
2019-08-19;632100.6423037135
2019-08-20;620440.1507782564
2019-08-21;1026438.2003678401
2019-08-22;652111.8480900954
2019-08-23;678570.3340911382
2019-08-24;1054697.7975121173
2019-08-25;640948.6599815353
2019-08-26;600305.6820821523
2019-08-27;556515.2771962432
2019-08-28;902147.2590389356
2019-08-29;569715.5114749877
2019-08-30;603079.3971079862
2019-08-31;1010318.521372017
2019-09-01;581568.5892179706
2019-09-02;534228.5198196579
2019-09-03;503824.02629075514
2019-09-04;865214.6048818904
2019-09-05;513087.1237966668
2019-09-06;581665.9162818402
2019-09-07;1013943.0268405037
2019-09-08;624751.2604163414
2019-09-09;507975.9261686816
2019-09-10;525772.2455065375
2019-09-11;926567.0464742497
2019-09-12;531821.800877889
2019-09-13;580988.0862359508
2019-09-14;1136361.021304092
2019-09-15;659533.191320263
2019-09-16;540616.4973942306
2019-09-17;524623.5020568
2019-09-18;942497.289433526
2019-09-19;519384.05534306436
2019-09-20;568681.295463791
2019-09-21;1172573.4049402166
2019-09-22;633423.5347154305
2019-09-23;520298.81571848306
2019-09-24;508602.0101435799
2019-09-25;869252.2092364401
2019-09-26;521149.2582883898
2019-09-27;536031.1867271182
2019-09-28;1114199.4111479372
2019-09-29;623723.7602817718
2019-09-30;495916.6758448088
2019-10-01;476098.1818966667
2019-10-02;824588.6051051463
2019-10-03;498746.765581784
2019-10-04;542395.6152494024
2019-10-05;1128511.3307658215
2019-10-06;626375.8937828233
2019-10-07;498486.1992317796
2019-10-08;447221.6710896051
2019-10-09;845570.308211387
2019-10-10;514747.1628782023
2019-10-11;557161.0353075631
2019-10-12;1224897.7177404307
2019-10-13;626661.7678751107
2019-10-14;507854.6635272499
2019-10-15;482324.4566230668
2019-10-16;830738.5700794238
2019-10-17;506024.81422992994
2019-10-18;545249.0994285566
2019-10-19;1084355.6884858415
2019-10-20;601588.1246239967
2019-10-21;506321.607661194
2019-10-22;495265.9025680651
2019-10-23;833841.8558797152
2019-10-24;493903.0337799353
2019-10-25;523417.92006559286
2019-10-26;1103209.1447836133
2019-10-27;651279.1953459018
2019-10-28;501720.55575231806
2019-10-29;479328.7504695248
2019-10-30;821307.4983527769
2019-10-31;525361.4657721155
2019-11-02;1028706.7945031202
2019-11-03;580741.0965861784
2019-11-04;455146.51180417766
2019-11-05;458369.40785035654
2019-11-06;824104.4532106804
2019-11-07;499201.2419983761
2019-11-08;513630.2691110019
2019-11-09;1218959.4816478495
2019-11-10;668168.8133602918
2019-11-11;513656.7944078965
2019-11-12;496409.1863483143
2019-11-13;904409.6687698397
2019-11-14;506782.4810710627
2019-11-15;579125.1986908776
2019-11-16;1258907.5740736492
2019-11-17;702416.1218321591
2019-11-18;511296.6614247174
2019-11-19;472564.38424674066
2019-11-20;838176.4082756385
2019-11-21;516689.28810434474
2019-11-22;579900.5104107461
2019-11-23;1280071.8427297007
2019-11-24;766238.6725111426
2019-11-25;552784.081089136
2019-11-26;539681.8599566215
2019-11-27;906684.2926993867
2019-11-28;564360.2907787042
2019-11-29;744647.8055738515
2019-11-30;1350375.6491948864
2019-12-01;873288.5090681919
2019-12-02;578978.4060551308
2019-12-03;554038.5681905737
2019-12-04;881410.6129560998
2019-12-05;589559.3421548083
2019-12-06;711765.5884104365
2019-12-07;1456565.8535436508
2019-12-08;959963.3905670911
2019-12-09;638240.9441461533
2019-12-10;658912.9342138628
2019-12-11;1028793.9172997692
2019-12-12;702126.6530548283
2019-12-13;775291.1040798599
2019-12-14;1556322.0934734268
2019-12-15;1102405.5200874603
2019-12-16;740805.6090713243
2019-12-17;745932.2193945907
2019-12-18;1116345.3221614053
2019-12-19;823033.3047095998
2019-12-20;936490.4547680289
2019-12-21;1592632.48059265
2019-12-22;1228720.8682101055
2019-12-23;1245389.0748846976
2019-12-24;720502.7313135522
2019-12-26;513969.79291125236
2019-12-27;805286.8471320267
2019-12-28;1074797.5659017921
2019-12-29;739705.6161217083
2019-12-30;769230.7356639819
2019-12-31;578250.8881853317
2020-01-02;654874.8756921168
2020-01-03;659130.0551231247
2020-01-04;1120944.373801991
2020-01-05;666730.9490059693
2020-01-06;526216.6239503592
2020-01-07;467066.6323558508
2020-01-08;677347.1651999864
2020-01-09;469803.94636405184
2020-01-10;520238.198892465
2020-01-11;1083501.7092096822
2020-01-12;603703.7610454174
2020-01-13;472945.83637603506
2020-01-14;471510.3201627492
2020-01-15;772735.3216663625
2020-01-16;474412.9123779029
2020-01-17;529070.0501507224
2020-01-18;1050611.9161509064
2020-01-19;598670.8541115816
2020-01-20;461093.4350522808
2020-01-21;462788.38702914596
2020-01-22;796196.6906966149
2020-01-23;499534.5137523276
2020-01-24;525990.2071082693
2020-01-25;1051446.2019643805
2020-01-26;614137.1701113285
2020-01-27;474327.11343031575
2020-01-28;459161.1758837446
2020-01-29;733644.5809497333
2020-01-30;457948.6267744826
2020-01-31;487146.83290355414
2020-02-01;1013726.6789817888
2020-02-02;601958.9183188741
2020-02-03;466537.50824581215
2020-02-04;429866.34809942753
2020-02-05;723791.916444138
2020-02-06;448964.0690437935
2020-02-07;506177.04720890155
2020-02-08;1057719.613447885
2020-02-09;585272.3130412631
2020-02-10;461907.53458334587
2020-02-11;458478.9394497372
2020-02-12;799646.2548263115
2020-02-13;469500.83324456593
2020-02-14;483410.10948503576
2020-02-15;1057887.297774665
2020-02-16;527999.2978380473
2020-02-17;465566.798337053
2020-02-18;461505.6062776872
2020-02-19;820991.9487826157
2020-02-20;472873.3145715929
2020-02-21;517783.59913244034
2020-02-22;1068015.7190735135
2020-02-23;579411.6235816798
2020-02-24;469618.5301903495
2020-02-25;428038.9049219354
2020-02-26;804617.9748093509
2020-02-27;468452.16118814
2020-02-28;488246.66157992906
2020-02-29;1046779.4407590079
2020-03-01;584199.6764178795
2020-03-02;477161.27134579455
2020-03-03;471591.74171161395
2020-03-04;839616.7947073705
2020-03-05;504075.4030023818
2020-03-06;532219.2358272431
2020-03-07;1167169.482059471
2020-03-08;528455.9194699073
2020-03-09;495350.39699285413
2020-03-10;561974.0383501678
2020-03-11;933109.6244950942
2020-03-12;514406.51815465855
2020-03-13;533763.6168838128
2020-03-14;1095942.8658300457
2020-03-15;1368624.1451239565
2020-03-16;146784.96855505017
2020-03-17;148726.61062460078
2020-03-18;151251.72225764534
2020-03-19;160665.94148236726
2020-03-20;172375.13519228637
2020-03-21;166868.79277719266
2020-03-23;175858.36567330555
2020-03-24;182954.66047471564
2020-03-25;187322.01920322794
2020-03-26;189113.98902374392
2020-03-27;197362.71859125356
2020-03-28;188006.02399036166
2020-03-29;150561.5427292673
2020-03-30;191190.35447737618
2020-03-31;197739.2618495744
2020-04-01;199040.77941366643
2020-04-02;202935.66897410472
2020-04-03;209005.1787127013
2020-04-04;211415.25076121773
2020-04-05;156534.43081261846
2020-04-06;201784.3358050347
2020-04-07;215991.55538945724
2020-04-08;222409.81721920933
2020-04-09;227979.47247410382
2020-04-10;241751.49358995052
2020-04-11;202113.95489515152
2020-04-13;168480.4388944848
2020-04-14;229867.43584629585
2020-04-15;231457.38823261228
2020-04-16;491219.81398376176
2020-04-17;689680.0077755809
2020-04-18;859486.657864362
2020-04-19;603099.9022737459
2020-04-20;681906.6849682238
2020-04-21;698880.8843755893
2020-04-22;801958.9708215628
2020-04-23;767673.5412945955
2020-04-24;842518.4399356041
2020-04-25;1044305.9205868449
2020-04-26;766526.4502404021
2020-04-27;750853.6717658102
2020-04-28;780578.7215058068
2020-04-29;930447.0064959987
2020-04-30;955197.2730401631
2020-05-01;935334.831168423
2020-05-02;1145022.1346859084
2020-05-03;654019.5049249727
2020-05-04;798646.9903629718
2020-05-05;846516.193534455
2020-05-06;1025168.1749504074
2020-05-07;869325.6490384069
2020-05-08;998632.7704199362
2020-05-09;1275498.437041012
2020-05-10;898491.4353601628
2020-05-11;847275.4064766817
2020-05-12;825158.4303264854
2020-05-13;1015056.9926787573
2020-05-14;855328.0324466764
2020-05-15;979934.1658098641
2020-05-16;1368366.4487241083
2020-05-17;948288.5879433824
2020-05-18;836784.1345773264
2020-05-19;749016.4398357663
2020-05-20;964156.0881876365
2020-05-21;841661.3491309929
2020-05-22;909791.3277948311
2020-05-23;1193432.2413251407
2020-05-24;935044.6279930723
2020-05-25;815725.5805835804
2020-05-26;805874.8003886933
2020-05-27;941469.460752474
2020-05-28;833107.7670802666
2020-05-29;895124.597302129
2020-05-30;1190731.569912868
2020-05-31;843739.8597998931
2020-06-01;756073.3863643333
2020-06-02;778933.3800477964
2020-06-03;923391.5384266031
2020-06-04;806071.1938801634
2020-06-05;869650.4462257365
2020-06-06;1206578.990169163
2020-06-07;781661.0695766871
2020-06-08;794047.7068072221
2020-06-09;778541.1245371074
2020-06-10;960644.9795712654
2020-06-11;886419.5166704508
2020-06-12;952601.5239133848
2020-06-13;1253517.0442936309
2020-06-14;874700.4279135298
2020-06-15;823894.0964937048
2020-06-16;823436.0737077283
2020-06-17;963026.0332348732
2020-06-18;865150.2967395101
2020-06-19;928389.0976241765
2020-06-20;1211152.8017093886
2020-06-21;913366.638259132
2020-06-22;903183.1177825447
2020-06-23;905558.305925127
2020-06-24;792816.8170737321
2020-06-25;927146.4188698444
2020-06-26;923637.2138904454
2020-06-27;1090450.699229358
2020-06-28;820440.7734057235
2020-06-29;830973.0942891254
2020-06-30;787634.8370050356
2020-07-01;947698.2285668883
2020-07-02;877481.2550043962
2020-07-03;918585.2512606255
2020-07-04;1177271.5036821389
2020-07-05;907601.8650461702
2020-07-06;699181.3787863472
2020-07-07;922988.1413249052
2020-07-08;993516.1517749899
2020-07-09;913593.6252260002
2020-07-10;1007069.834426963
2020-07-11;1298026.9273236503
2020-07-12;953522.0531785105
2020-07-13;923616.1869155664
2020-07-14;918659.3191661617
2020-07-15;1023573.7678603136
2020-07-16;918508.0814897694
2020-07-17;946678.6038847663
2020-07-18;1078664.316422319
2020-07-19;804779.8902464239
2020-07-20;877042.0270098441
2020-07-21;899597.7190086053
2020-07-22;1012304.4785641753
2020-07-23;889720.4618324831
2020-07-24;917140.1975362159
2020-07-25;1157054.3475668994
2020-07-26;807363.4541639548
2020-07-27;878706.6754052661
2020-07-28;868259.2837875859
2020-07-29;979527.4639170776
2020-07-30;875851.2489366125
2020-07-31;960323.4871750242
2020-08-01;1128433.6198595823
2020-08-02;775245.6197182998
2020-08-03;847859.156270999
2020-08-04;832492.6700862676
2020-08-05;936026.6437660815
2020-08-06;852656.1764935441
2020-08-07;890744.2030087677
2020-08-08;1014995.9989905974
2020-08-09;801554.8683112407
2020-08-10;898928.6727495565
2020-08-11;894288.3788622874
2020-08-12;1003990.822413848
2020-08-13;949529.8752067299
2020-08-14;964638.645665349
2020-08-15;1072869.9160471426
2020-08-16;825879.1260252069
2020-08-17;874678.917782059
2020-08-18;872938.5200961609
2020-08-19;940238.7063028297
2020-08-20;878836.7218335384
2020-08-21;930491.7274701436
2020-08-22;1111725.7556919286
2020-08-23;914388.2535464123
2020-08-24;866004.0634267692
2020-08-25;878135.5746505244
2020-08-26;928932.3588960937
2020-08-27;869197.1680374923
2020-08-28;899008.2293139764
2020-08-29;1263217.5531253093
2020-08-30;935915.3051610473
2020-08-31;879436.2515221466
2020-09-01;760877.9148403163
2020-09-02;859083.6762773332
2020-09-03;767413.6706900834
2020-09-04;803010.126302871
2020-09-05;1130265.6530246977
2020-09-06;896978.0632936603
2020-09-07;759739.5399310407
2020-09-08;743743.5973383997
2020-09-09;801121.3125750773
2020-09-10;799869.473171763
2020-09-11;838997.1270520124
2020-09-12;1111326.735988953
2020-09-13;886631.3131940701
2020-09-14;788148.9639344619
2020-09-15;739800.9332541556
2020-09-16;789514.0649060463
2020-09-17;769466.728669723
2020-09-18;810318.1306597139
2020-09-19;1138781.8194289482
2020-09-20;905105.9457344074
2020-09-21;779842.7773850452
2020-09-22;699372.3609239882
2020-09-23;776553.2250554495
2020-09-24;725855.3429642395
2020-09-25;787583.7576901413
2020-09-26;1076308.8990474767
2020-09-27;840883.9405115157
2020-09-28;719701.7349892593
2020-09-29;715806.7971131617
2020-09-30;765295.2899392208
2020-10-01;712306.4338993941
2020-10-02;775341.4489967345
2020-10-03;1167772.123276531
2020-10-04;873802.8872390459
2020-10-05;668069.9981741189
2020-10-06;703805.0037711962
2020-10-07;769373.1315747428
2020-10-08;723101.2634223
2020-10-09;855781.590865744
2020-10-10;1318409.7674973793
2020-10-11;976157.3403942192
2020-10-12;770199.3679993959
2020-10-13;765674.1813385781
2020-10-14;832131.6071651509
2020-10-15;764326.2227628737
2020-10-16;836357.845516305
2020-10-17;1230527.699927388
2020-10-18;993032.3960689293
2020-10-19;730926.4965738893
2020-10-20;728549.7140145537
2020-10-21;819256.0541161541
2020-10-22;731987.9916062638
2020-10-23;826442.2836855779
2020-10-24;1235831.725351195
2020-10-25;895363.5762156079
2020-10-26;695343.2021466645
2020-10-27;716165.9757235701
2020-10-28;749850.6000285265
2020-10-29;707400.3169184012
2020-10-30;769253.656612701
2020-10-31;1050115.9269199392
2020-11-02;842982.279926947
2020-11-03;677385.6824434915
2020-11-04;788920.01421319
2020-11-05;789954.5491077373
2020-11-06;911713.3247173555
2020-11-07;1146934.6134235729
2020-11-08;876353.3066143736
2020-11-09;676673.1327649093
2020-11-10;738894.6571084902
2020-11-11;791950.4593256885
2020-11-12;753114.6803425979
2020-11-13;855176.8430859434
2020-11-14;1264431.6869881926
2020-11-15;954121.5635408551
2020-11-16;751251.5898717562
2020-11-17;736639.3691057508
2020-11-18;796454.9958737694
2020-11-19;758177.2724174393
2020-11-20;874978.5908266108
2020-11-21;1261927.3897411267
2020-11-22;998241.7614532541
2020-11-23;800299.6951274424
2020-11-24;754323.5091461025
2020-11-25;837862.723689922
2020-11-26;808030.8480274596
2020-11-27;964855.0225134596
2020-11-28;1353265.1575295315
2020-11-29;1057083.624762853
2020-11-30;786140.3080456166
2020-12-01;786094.5337901013
2020-12-02;860823.0206818609
2020-12-03;836444.8523553718
2020-12-04;914905.1827840717
2020-12-05;1536732.0552881924
2020-12-06;1242353.5083123248
2020-12-07;1005384.8934546817
2020-12-08;1031478.8861228054
2020-12-09;865754.4260788731
2020-12-10;878455.385661826
2020-12-11;996205.5463124077
2020-12-12;1360108.4135606391
2020-12-13;1110506.8965575765
2020-12-14;1896660.9209156297
2020-12-15;1913477.3696957445
2020-12-16;179545.89408763804
2020-12-17;205566.46628005858
2020-12-18;218762.97058991372
2020-12-19;227406.07189398477
2020-12-20;207934.81292529963
2020-12-21;254002.5860701977
2020-12-22;259912.45120770312
2020-12-23;252847.99642569837
2020-12-24;197284.63082287286
2020-12-27;192601.08475749823
2020-12-28;247198.4657230332
2020-12-29;247042.21288121713
2020-12-30;253042.29301755963
2020-12-31;210453.28598677172
2021-01-02;203785.93760763842
2021-01-03;193938.9646866956
2021-01-04;248109.77636038585
2021-01-05;242615.77376464894
2021-01-06;234185.46428677655
2021-01-07;241373.11433658053
2021-01-08;257333.85413993674
2021-01-09;264308.1229125
2021-01-10;211933.2429433792
2021-01-11;244134.07402838863
2021-01-12;245139.99638956445
2021-01-13;249882.70014804968
2021-01-14;250802.47568889215
2021-01-15;253695.96523385472
2021-01-16;261267.72477420847
2021-01-17;231349.31576613913
2021-01-18;245524.5407210469
2021-01-19;248552.61836624533
2021-01-20;249802.27390176425
2021-01-21;251800.59023954315
2021-01-22;265069.7419745543
2021-01-23;260475.85044637017
2021-01-24;225050.3549620556
2021-01-25;260716.62670237088
2021-01-26;252476.188101978
2021-01-27;252753.00783973347
2021-01-28;255540.22226074466
2021-01-29;270311.94268086366
2021-01-30;275139.85593589407
2021-01-31;226794.840152721
2021-02-01;263106.6864048513
2021-02-02;259119.16606261657
2021-02-03;263337.1134466539
2021-02-04;269495.0601678294
2021-02-05;275854.8503868313
2021-02-06;287907.00797193515
2021-02-07;244944.2889804549
2021-02-08;278459.66353127355
2021-02-09;267462.6619640588
2021-02-10;274357.0552888514
2021-02-11;273272.793917867
2021-02-12;289025.7667235802
2021-02-13;297991.9161881184
2021-02-14;225106.38180045076
2021-02-15;371581.8832236248
2021-02-16;280806.1811616931
2021-02-17;352178.66236620914
2021-02-18;326838.18139252794
2021-02-19;338160.60825064185
2021-02-20;354582.3470845807
2021-02-21;277252.66105968633
2021-02-22;322942.14191940095
2021-02-23;319738.6977576114
2021-02-24;322990.85376699496
2021-02-25;333908.57900061295
2021-02-26;349296.0245183003
2021-02-27;391683.64221845806
2021-02-28;305815.02345070336
2021-03-01;342950.05257782625
2021-03-02;345469.54026814125
2021-03-03;350308.42117780744
2021-03-04;340646.6421785347
2021-03-05;374605.0326715859
2021-03-06;415141.3006060848
2021-03-07;317455.7152190248
2021-03-08;331262.9874398156
2021-03-09;350280.48506366456
2021-03-10;374853.7133694299
2021-03-11;310232.2536026302
2021-03-12;366459.3024263346
2021-03-13;389089.12030942313
2021-03-14;272197.01677663624
2021-03-15;1082558.9547413297
2021-03-16;998385.887064614
2021-03-17;974590.4055879401
2021-03-18;888377.5764009937
2021-03-19;950770.0801993116
2021-03-20;1393981.9907455503
2021-03-21;1028416.3787388691
2021-03-22;828554.9148729972
2021-03-23;802177.4832218093
2021-03-24;927797.4627142798
2021-03-25;869098.1499255511
2021-03-26;991263.5984385604
2021-03-27;1166002.9681102838
2021-03-28;890732.4043247937
2021-03-29;777554.8183335621
2021-03-30;758958.0631330598
2021-03-31;753387.8474165187
2021-04-01;758912.5884346315
2021-04-02;810026.4586883239
2021-04-03;936452.8265326527
2021-04-05;630175.2246325184
2021-04-06;797160.5880974284
2021-04-07;893774.1553015426
2021-04-08;877491.5462398034
2021-04-09;1007772.585689862
2021-04-10;1415702.768827268
2021-04-11;1010994.225528902
2021-04-12;862713.4771420669
2021-04-13;881410.7579030773
2021-04-14;865739.9410442485
2021-04-15;864698.9028619744
2021-04-16;966038.4469433626
2021-04-17;1333511.7351111847
2021-04-18;1017360.3161098622
2021-04-19;862865.1883119193
2021-04-20;863942.1346921026
2021-04-21;910786.8816155451
2021-04-22;869430.1074935728
2021-04-23;918942.8837699399
2021-04-24;1303566.6945117705
2021-04-25;988833.272465712
2021-04-26;767258.6643922743
2021-04-27;770477.8884483548
2021-04-28;786892.6215117113
2021-04-29;798691.3344749751
2021-04-30;915520.8499028491
2021-05-01;1193653.1984977422
2021-05-02;724621.8151957579
2021-05-03;755583.668505929
2021-05-04;756152.1408888106
2021-05-05;828375.9343450988
2021-05-06;821387.0645803288
2021-05-07;941676.5320046247
2021-05-08;1422378.99762456
2021-05-09;1011226.111703612
2021-05-10;886603.7442789371
2021-05-11;893874.7388408415
2021-05-12;894100.0057702427
2021-05-13;916656.7510503742
2021-05-14;1037600.0646273383
2021-05-15;1356994.8655143357
2021-05-16;1071311.6780595176
2021-05-17;888141.9505942626
2021-05-18;904082.9099667468
2021-05-19;884486.4168094447
2021-05-20;894356.3106791066
2021-05-21;961715.0651278439
2021-05-22;1328628.510089515
2021-05-23;994229.9286713158
2021-05-24;855494.0933673079
2021-05-25;831430.0251412044
2021-05-26;865846.8346086374
2021-05-27;830244.8710107023
2021-05-28;901344.3590776705
2021-05-29;1207404.7337740927
2021-05-30;894965.716088453
2021-05-31;834087.0288607021
2021-06-01;846311.8472854826
2021-06-02;865951.9694830319
2021-06-03;871955.586325627
2021-06-04;970089.3091147937
2021-06-05;1230240.1734395563
2021-06-06;849518.9731005023
2021-06-07;853783.5064431293
2021-06-08;889112.0227363203
2021-06-09;917773.2293029056
2021-06-10;925517.7463142542
2021-06-11;1010388.4534571264
2021-06-12;1347490.7405109957
2021-06-13;1049817.4714299992
2021-06-14;923578.404070081
2021-06-15;927526.904685955
2021-06-16;972256.9235223696
2021-06-17;967993.2791878717
2021-06-18;1042955.4109443356
2021-06-19;1264913.9738982138
2021-06-20;1033103.4615104964
2021-06-21;1086444.2488118531
2021-06-22;968341.4708173806
2021-06-23;1068661.2935853286
2021-06-24;844887.7625571607
2021-06-25;1126310.697436756
2021-06-26;1102955.8740981463
2021-06-27;870030.4005695961
2021-06-28;851086.217127
2021-06-29;862431.2267242187
2021-06-30;853381.7907263711
2021-07-01;907766.7953803765
2021-07-02;921603.7624053046
2021-07-03;1157638.6964753906
2021-07-04;913543.6668343993
2021-07-05;1109661.1599328746
2021-07-06;811268.6929385915
2021-07-07;981969.0667647806
2021-07-08;939485.8420382203
2021-07-09;1009923.3186061174
2021-07-10;1203111.6362137534
2021-07-11;934477.2958597472
2021-07-12;961721.5974049661
2021-07-13;935303.6579051145
2021-07-14;973062.7030969224
2021-07-15;959706.4189021303
2021-07-16;1008051.8598631042
2021-07-17;1087778.9109181485
2021-07-18;885613.3988862836
2021-07-19;948861.0801891088
2021-07-20;937349.9033768085
2021-07-21;962795.9540658167
2021-07-22;934973.4590270874
2021-07-23;919921.1695740599
2021-07-24;1045590.1411449474
2021-07-25;826443.8007972765
2021-07-26;870431.662119158
2021-07-27;863363.8059147462
2021-07-28;914928.5482368553
2021-07-29;895254.769351115
2021-07-30;925226.6831201699
2021-07-31;1062129.7315347793
2021-08-01;876517.3769298462
2021-08-02;945620.964441995
2021-08-03;915056.5654074416
2021-08-04;899394.9285238585
2021-08-05;895350.6662714727
2021-08-06;952090.4118810915
2021-08-07;1242907.2154297584
2021-08-08;936670.3146409247
2021-08-09;927053.1020056874
2021-08-10;915605.054433683
2021-08-11;984836.2049492217
2021-08-12;955543.8895791824
2021-08-13;966260.7472912896
2021-08-14;1172360.0913048987
2021-08-15;933083.9205644059
2021-08-16;915316.3876962945
2021-08-17;964007.9813659595
2021-08-18;945848.9757008383
2021-08-19;927446.6137235154
2021-08-20;967403.1034108823
2021-08-21;1166466.4505657488
2021-08-22;955313.762094467
2021-08-23;916617.7796396726
2021-08-24;900398.5413965253
2021-08-25;939789.7861870442
2021-08-26;955236.0221988324
2021-08-27;919025.0010642968
2021-08-28;1216480.9463102627
2021-08-29;1005254.2865647632
2021-08-30;898403.3269240664
2021-08-31;958337.6749298433
2021-09-01;849344.8241385226
2021-09-02;809600.5658157078
2021-09-03;877189.8825900932
2021-09-04;1152840.1398148832
2021-09-05;963208.9369942977
2021-09-06;793519.5683366309
2021-09-07;804729.7482553179
2021-09-08;841193.817823288
2021-09-09;827718.3968760686
2021-09-10;893325.4477746575
2021-09-11;1219955.8664979015
2021-09-12;1169195.8794583704
2021-09-13;607674.8927160555
2021-09-14;643950.8887490679
2021-09-15;666792.0199991838
2021-09-16;660882.6766707975
2021-09-17;707684.0554585523
2021-09-18;1043354.556268025
2021-09-19;859143.28813764
2021-09-20;693456.7172336436
2021-09-21;674769.0706150755
2021-09-22;672646.3028023586
2021-09-23;644150.1038750346
2021-09-24;697984.7448552218
2021-09-25;994899.3131399789
2021-09-26;752181.6083323467
2021-09-27;611811.0706784818
2021-09-28;633708.2782212929
2021-09-29;645900.1550296383
2021-09-30;623781.1882742833
2021-10-01;685211.9688764513
2021-10-02;970707.1890907618
2021-10-03;738760.9000375924
2021-10-04;620534.8687965298
2021-10-05;621676.9833378267
2021-10-06;650479.1749979244
2021-10-07;648300.1194422526
2021-10-08;714443.4838209673
2021-10-09;1074378.3502532758
2021-10-10;821725.351499704
2021-10-11;635363.3118005364
2021-10-12;630367.8688288353
2021-10-13;800974.6262337804
2021-10-14;649105.212934445
2021-10-15;703570.3346145168
2021-10-16;1265620.329509288
2021-10-17;855185.8104722888
2021-10-18;626397.9450496769
2021-10-19;614304.2263345391
2021-10-20;772667.341533884
2021-10-21;652013.0618933182
2021-10-22;693296.9953274978
2021-10-23;1206849.8670808384
2021-10-24;785665.0558955735
2021-10-25;608613.5886690363
2021-10-26;587752.1432385161
2021-10-27;728094.2326322506
2021-10-28;629441.2517906517
2021-10-29;648072.3594248372
2021-10-30;1017481.0182896473
2021-10-31;771077.4181369632
2021-11-02;761248.8824715668
2021-11-03;696290.3436768716
2021-11-04;591385.4131675797
2021-11-05;654654.7302225896
2021-11-06;1182612.2973225885
2021-11-07;787624.1978968822
2021-11-08;593321.0254428636
2021-11-09;597928.7352495757
2021-11-10;792897.4848983135
2021-11-11;628291.8995636083
2021-11-12;690977.766381388
2021-11-13;1297168.1551340993
2021-11-14;876003.2693266836
2021-11-15;619636.1588830936
2021-11-16;607641.4486167651
2021-11-17;822497.0975239242
2021-11-18;617785.5628417181
2021-11-19;698350.0305649518
2021-11-20;1295975.8502860374
2021-11-21;896286.6468844071
2021-11-22;645770.1086013663
2021-11-23;639124.7438471637
2021-11-24;889404.5837158394
2021-11-25;668316.4950041677
2021-11-26;834620.7429583636
2021-11-27;1424355.272358617
2021-11-28;1020699.8944729817
2021-11-29;676961.9927649345
2021-11-30;674078.7074871926
2021-12-01;827134.9369757065
2021-12-02;668250.4764874524
2021-12-03;774730.2945605256
2021-12-04;1444552.7833268307
2021-12-05;1012115.9218726257
2021-12-06;740173.4663127636
2021-12-07;744338.884912131
2021-12-08;875875.1748510427
2021-12-09;776064.2705844605
2021-12-10;866126.68856979
2021-12-11;1549093.346123917
2021-12-12;1151175.1242204513
2021-12-13;773629.0743931659
2021-12-14;786092.8813945572
2021-12-15;915363.3215276304
2021-12-16;837652.3283204192
2021-12-17;869716.8609308574
2021-12-18;1478396.530423759
2021-12-19;1176166.1573574848
2021-12-20;950783.4733000386
2021-12-21;991445.5648741967
2021-12-22;1102546.8723799826
2021-12-23;1071756.6362912494
2021-12-24;773798.5463993361
2021-12-26;543096.0376975283
2021-12-27;793316.8744832028
2021-12-28;763803.0704683111
2021-12-29;863627.029626006
2021-12-30;774731.2125580502
2021-12-31;621141.5298764344
2022-01-01;146704.2717410733
2022-01-02;661705.7145988124
2022-01-03;649168.7673525416
2022-01-04;624765.8420822844
2022-01-05;709645.8258317208
2022-01-06;620658.4119370752
2022-01-07;614944.8629859851
2022-01-08;937050.4429211573
2022-01-09;675301.2096222475
2022-01-10;552507.5222559401
2022-01-11;561313.7662148277
2022-01-12;610334.9306589502
2022-01-13;540032.8828837589
2022-01-14;587420.1663442309
2022-01-15;928700.9655411075
2022-01-16;660967.1710955866
2022-01-17;496583.1130582616
2022-01-18;535708.8729646708
2022-01-19;560645.7539108853
2022-01-20;520002.82432716154
2022-01-21;543390.3283776464
2022-01-22;840066.2366322752
2022-01-23;606362.4171604594
2022-01-24;492318.7729782713
2022-01-25;480739.5677178334
2022-01-26;527006.9715033671
2022-01-27;481696.71058949234
2022-01-28;525840.7281218715
2022-01-29;770117.9367873993
2022-01-30;554089.531547886
2022-01-31;455637.118670711
2022-02-01;447414.27663339465
2022-02-02;477830.1726578659
2022-02-03;453368.9883657591
2022-02-04;484037.6815822371
2022-02-05;858514.1602762128
2022-02-06;619010.0942344589
2022-02-07;500017.65101795044
2022-02-08;494696.04835733044
2022-02-09;552131.9839633305
2022-02-10;528510.6224592407
2022-02-11;603234.4227320589
2022-02-12;910237.5905493612
2022-02-13;670446.210608676
2022-02-14;528739.4454211581
2022-02-15;577776.8149373727
2022-02-16;644177.6631270358
2022-02-17;556694.2963766688
2022-02-18;613123.7491598465
2022-02-19;837301.5566347096
2022-02-20;658941.68203108
2022-02-21;532889.0841262346
2022-02-22;521808.39017417317
2022-02-23;579249.5921870248
2022-02-24;530569.9904639705
2022-02-25;559857.0007746306
2022-02-26;818626.2981511574
2022-02-27;602876.8288752718
2022-02-28;513190.35503408924
2022-03-01;513842.4811492903
2022-03-02;573549.8518513308
2022-03-03;555502.5519902535
2022-03-04;620057.1718741317
2022-03-05;975317.1890597194
2022-03-06;732164.6916350485
2022-03-07;588508.5055568507
2022-03-08;573190.1224424076
2022-03-09;657482.6071023741
2022-03-10;734044.0065042458
2022-03-11;776666.4962868515
2022-03-12;1054023.175625998
2022-03-13;773780.8145524138
2022-03-14;638182.0763469978
2022-03-15;658222.4261390022
2022-03-16;703590.3952762119
2022-03-17;688094.9062814468
2022-03-18;743817.0274772346
2022-03-19;1104521.7362967911
2022-03-20;841089.5043150998
2022-03-21;690503.3066081555
2022-03-22;673090.3043840387
2022-03-23;738346.8928171367
2022-03-24;692608.9126987285
2022-03-25;747268.0700661022
2022-03-26;1145610.6580673538
2022-03-27;837992.9054020399
2022-03-28;665622.3075533584
2022-03-29;684035.7338166352
2022-03-30;735982.334119576
2022-03-31;698535.6593275546
2022-04-01;754213.3397800204
2022-04-02;1169548.6417492384
2022-04-03;866896.3666837969
2022-04-04;658767.2528382771
2022-04-05;677231.7197639211
2022-04-06;750635.6038696282
2022-04-07;699302.7670484928
2022-04-08;802933.3430572884
2022-04-09;1303941.5080694924
2022-04-10;982467.8003251895
2022-04-11;784128.2120818372
2022-04-12;757210.4954033383
2022-04-13;826604.6146373199
2022-04-14;773395.8450431305
2022-04-15;858697.0930250329
2022-04-16;1112142.690841331
2022-04-18;771174.7741902283
2022-04-19;801532.5078241682
2022-04-20;858671.5920201131
2022-04-21;851129.7688621926
2022-04-22;920533.4835860893
2022-04-23;1292846.7252712115
2022-04-24;965894.968761836
2022-04-25;772543.4601837243
2022-04-26;777945.3827961795
2022-04-27;879422.8101057602
2022-04-28;827539.8125365755
2022-04-29;886144.5909065356
2022-04-30;1241865.481501992
2022-05-01;807931.6656422771
2022-05-02;773571.0956021396
2022-05-03;761282.9063587674
2022-05-04;847362.6355677809
2022-05-05;825149.1247305255
2022-05-06;932271.1158930069
2022-05-07;1314285.8713755186
2022-05-08;1071407.3430647112
2022-05-09;845733.4991818625
2022-05-10;863780.6251065667
2022-05-11;944929.8862423562
2022-05-12;916963.5844756176
2022-05-13;991369.6126579521
2022-05-14;1466355.5434190596
2022-05-15;1053493.906568982
2022-05-16;879114.2663061816
2022-05-17;852455.2220038467
2022-05-18;890899.3349272906
2022-05-19;843628.2023115081
2022-05-20;958606.5032575688
2022-05-21;1347214.8484338964
2022-05-22;1062910.444945345
2022-05-23;878860.4931378592
2022-05-24;822238.3768321009
2022-05-25;860703.3331309188
2022-05-26;853916.2198957887
2022-05-27;907877.8634177193
2022-05-28;1275332.521067358
2022-05-29;1005742.7288897649
2022-05-30;783972.3747546901
2022-05-31;772845.0175389844
2022-06-01;833190.1839317105
2022-06-02;800872.6898560243
2022-06-03;910735.85061631
2022-06-04;1190166.817835744
2022-06-05;881640.1509897732
2022-06-06;808761.9412560385
2022-06-07;811587.4506685227
2022-06-08;884267.4502420017
2022-06-09;866769.9922456233
2022-06-10;980471.783812788
2022-06-11;1326323.5825785254
2022-06-12;1037586.1400543603
2022-06-13;860479.2354404699
2022-06-14;793824.0149683105
2022-06-15;876487.8947146095
2022-06-16;861159.4522799234
2022-06-17;927768.4346662391
2022-06-18;1245158.821779268
2022-06-19;954672.5456551106
2022-06-20;829271.4747512923
2022-06-21;855904.2256718967
2022-06-22;934228.0836896523
2022-06-23;987293.4717336335
2022-06-24;851441.2695801137
2022-06-25;1075356.925951351
2022-06-26;881530.0202762185
2022-06-27;974673.3345853717
2022-06-28;894784.39708265
2022-06-29;862068.5403969531
2022-06-30;898823.1223604928
2022-07-01;960464.4239528775
2022-07-02;1175016.4379314315
2022-07-03;924695.3944685998
2022-07-04;895608.3336819258
2022-07-05;949348.9330630685
2022-07-06;946358.077801709
2022-07-07;908513.6395138509
2022-07-08;966195.9656554494
2022-07-09;1135683.0946268842
2022-07-10;943853.2490823917
2022-07-11;925003.8319737283
2022-07-12;877747.4646233938
2022-07-13;977976.7341828905
2022-07-14;916063.8212808111
2022-07-15;979706.0096040434
2022-07-16;1230499.2709935212
2022-07-17;975831.2290209595
2022-07-18;933313.2073566514
2022-07-19;906450.3386144632
2022-07-20;984348.0815075706
2022-07-21;906274.9044559493
2022-07-22;954291.0258838934
2022-07-23;1041710.3260701761
2022-07-24;938437.2762762445
2022-07-25;928259.5343524961
2022-07-26;904393.7149391755
2022-07-27;952892.5581180734
2022-07-28;920709.47820625
2022-07-29;941048.3124775903
2022-07-30;1056370.9108110294
2022-07-31;872592.2127773603
2022-08-01;939782.3359123974
2022-08-02;917120.716662431
2022-08-03;932247.6538089048
2022-08-04;870437.7112396883
2022-08-05;872425.9489309605
2022-08-06;1102226.1240448928
2022-08-07;950238.395359336
2022-08-08;911919.9128129144
2022-08-09;888464.9117865431
2022-08-10;949825.0065793179
2022-08-11;925706.7185204728
2022-08-12;970252.992904993
2022-08-13;1113104.0371753394
2022-08-14;894494.0586234534
2022-08-15;770490.5374879305
2022-08-16;902236.3724407431
2022-08-17;928993.1496584849
2022-08-18;890028.4258441514
